{
    "uvs": [[0.0019499999471008778, 0.0019499999471008778, 0.9977399706840515, 0.0019499999471008778, 0.9977399706840515, 0.9980400204658508, 0.0019499999471008778, 0.9980400204658508, 0.0019499999471008778, 0.0019499999471008778, 0.9977399706840515, 0.0019499999471008778, 0.9977399706840515, 0.9980400204658508, 0.0019499999471008778, 0.9980400204658508]], 
    "faces": [9, 3, 2, 1, 0, 0, 1, 2, 3, 9, 7, 6, 5, 4, 4, 5, 6, 7], 
    "vertices": [-0.5515213, -3.06381822, -1.19278872, -0.42984861, -3.06381822, -1.1926986, -0.42984864, -3.5340817, -1.19269466, -0.55152136, -3.5340817, -1.19277394, 0.43419021, -3.06381822, -1.19278872, 0.5558629, -3.06381822, -1.1926986, 0.5558629, -3.5340817, -1.19269466, 0.43419015, -3.5340817, -1.19277394], 
    "materials": [], 
    "normals": [], 
    "metadata": {
        "formatVersion": 3.1, 
        "generatedBy": "Maya Exporter"
    }
}