{
    "uvs": [[0.0, 0.0, 0.0, 1.0, 1.0, 1.0, 1.0, 0.0]], 
    "faces": [9, 0, 1, 2, 3, 0, 1, 2, 3], 
    "vertices": [-0.37696722, -1.86892414, -1.28993833, -0.37696722, -2.89006615, -1.28993833, 0.37773043, -2.89006615, -1.28111172, 0.37773043, -1.86892426, -1.28993833], 
    "materials": [], 
    "normals": [], 
    "metadata": {
        "formatVersion": 3.1, 
        "generatedBy": "Maya Exporter"
    }
}